motif_ID	motif_ALT_ID	seq_ID	site_Start	site_End	site_Strand	site_Score	site_Sequence
1-YGPSPSASA	STREME-1	MaSp2_1390_pos445_cl2382	4	12	.	21.57	YGPSPSATA
1-YGPSPSASA	STREME-1	MaSp2_1861_pos353_cl2382	4	12	.	21.57	YGPSPSATA
1-YGPSPSASA	STREME-1	MaSp2_1740_pos306_cl2382	4	12	.	20.69	YGPSPSASA
1-YGPSPSASA	STREME-1	MaSp2_96_pos322_cl2382	4	12	.	20.69	YGPSPSASA
1-YGPSPSASA	STREME-1	MaSp2_1932_pos247_cl2382	4	12	.	20.69	YGPSPSASA
1-YGPSPSASA	STREME-1	MaSp2_428_pos373_cl2382	4	12	.	20.69	YGPSPSASA
1-YGPSPSASA	STREME-1	MaSp2_567_pos451_cl2382	4	12	.	20.69	YGPSPSASA
1-YGPSPSASA	STREME-1	MaSp2_2171_pos294_cl2382	4	12	.	20.69	YGPSPSASA
1-YGPSPSASA	STREME-1	MaSp2_641_pos206_cl2382	4	12	.	20.69	YGPSPSASA
1-YGPSPSASA	STREME-1	MaSp2_264_pos313_cl2382	4	12	.	20.69	YGPSPSASA
1-YGPSPSASA	STREME-1	MaSp2_1085_pos277_cl2382	4	12	.	20.69	YGPSPSASA
1-YGPSPSASA	STREME-1	MaSp2_1748_pos123_cl2382	4	12	.	20.69	YGPSPSASA
1-YGPSPSASA	STREME-1	MaSp2_643_pos146_cl2382	4	12	.	20.69	YGPSPSASA
1-YGPSPSASA	STREME-1	MaSp2_120_pos138_cl2382	4	12	.	20.69	YGPSPSASA
1-YGPSPSASA	STREME-1	MaSp2_1245_pos267_cl2382	4	12	.	20.69	YGPSPSASA
1-YGPSPSASA	STREME-1	MaSp2_1032_pos224_cl2382	4	12	.	20.69	YGPSPSASA
1-YGPSPSASA	STREME-1	MaSp2_1367_pos110_cl2382	4	12	.	20.69	YGPSPSASA
1-YGPSPSASA	STREME-1	MaSp2_2159_pos137_cl2382	4	12	.	20.69	YGPSPSASA
1-YGPSPSASA	STREME-1	MaSp2_1974_pos118_cl2382	4	12	.	20.69	YGPSPSASA
1-YGPSPSASA	STREME-1	MaSp_49_pos437_cl2382	4	12	.	20.69	YGPSPSASA
1-YGPSPSASA	STREME-1	MaSp2_2102_pos224_cl2382	4	12	.	20.69	YGPSPSASA
1-YGPSPSASA	STREME-1	MaSp1_2215_pos574_cl2382	4	12	.	20.69	YGPSPSASA
1-YGPSPSASA	STREME-1	MaSp2_998_pos499_cl2382	4	12	.	20.69	YGPSPSASA
1-YGPSPSASA	STREME-1	MaSp2_397_pos209_cl2382	4	12	.	20.69	YGPSPSASA
1-YGPSPSASA	STREME-1	MaSp2_1232_pos214_cl2382	4	12	.	20.69	YGPSPSASA
1-YGPSPSASA	STREME-1	MaSp2_1544_pos232_cl2382	4	12	.	20.69	YGPSPSASA
1-YGPSPSASA	STREME-1	MaSp2_737_pos307_cl2382	4	12	.	20.69	YGPSPSASA
1-YGPSPSASA	STREME-1	MaSp2_709_pos438_cl2382	4	12	.	20.69	YGPSPSASA
1-YGPSPSASA	STREME-1	MaSp2_191_pos255_cl2382	4	12	.	20.69	YGPSPSASA
1-YGPSPSASA	STREME-1	MaSp2_1499_pos189_cl2382	4	12	.	20.69	YGPSPSASA
1-YGPSPSASA	STREME-1	MaSp2_1246_pos149_cl2382	4	12	.	20.69	YGPSPSASA
1-YGPSPSASA	STREME-1	MaSp2_684_pos385_cl2382	4	12	.	20.69	YGPSPSASA
1-YGPSPSASA	STREME-1	MaSp2_1283_pos154_cl2382	4	12	.	20.69	YGPSPSASA
1-YGPSPSASA	STREME-1	MaSp2_1634_pos799_cl2382	4	12	.	20.69	YGPSPSASA
1-YGPSPSASA	STREME-1	MaSp2_1313_pos112_cl2382	4	12	.	20.69	YGPSPSASA
1-YGPSPSASA	STREME-1	MaSp2_1570_pos259_cl2382	4	12	.	20.69	YGPSPSASA
1-YGPSPSASA	STREME-1	MaSp2_1506_pos185_cl2382	4	12	.	20.39	YEPSPSASA
1-YGPSPSASA	STREME-1	MaSp1_1402_pos407_cl2382	4	12	.	19.80	YGPTPSASA
1-YGPSPSASA	STREME-1	MaSp2B_1401_pos199_cl2382	4	12	.	17.37	YGPSPSAAA
1-YGPSPSASA	STREME-1	MaSp2_1351_pos200_cl2382	4	12	.	17.37	YGPSPSAAA
1-YGPSPSASA	STREME-1	MaSp2_61_pos405_cl2382	4	12	.	17.37	YGPSPSAAA
1-YGPSPSASA	STREME-1	MaSp2_583_pos528_cl2382	4	12	.	17.37	YGPSPSAAA
1-YGPSPSASA	STREME-1	MaSp2_1075_pos399_cl2382	4	12	.	17.22	YGPSPVASA
1-YGPSPSASA	STREME-1	MaSp2_882_pos147_cl2382	4	12	.	14.75	YGPSPSSSA
1-YGPSPSASA	STREME-1	MaSp_18_pos114_cl2382	4	12	.	13.73	SGPSPSASA
1-YGPSPSASA	STREME-1	MaSp_820_pos737_cl2382	6	14	.	12.42	YTPSASASA
1-YGPSPSASA	STREME-1	MaSp2_494_pos267_cl2382	4	12	.	10.87	YGSSPSAAA
1-YGPSPSASA	STREME-1	MaSp_2472_pos141_cl2382	6	14	.	2.07	SSPSEAATA
#
2-SVA	STREME-2	MaSp2_641_pos206_cl2382	13	15	.	8.26	SIA
2-SVA	STREME-2	MaSp2_1032_pos224_cl2382	13	15	.	8.26	SIA
2-SVA	STREME-2	MaSp_49_pos437_cl2382	13	15	.	8.26	SIA
2-SVA	STREME-2	MaSp2_2102_pos224_cl2382	13	15	.	8.26	SIA
2-SVA	STREME-2	MaSp2_1861_pos353_cl2382	13	15	.	8.26	SIA
2-SVA	STREME-2	MaSp2_1075_pos399_cl2382	13	15	.	8.26	SIA
2-SVA	STREME-2	MaSp2_1740_pos306_cl2382	13	15	.	7.72	SVA
2-SVA	STREME-2	MaSp2_96_pos322_cl2382	13	15	.	7.72	SVA
2-SVA	STREME-2	MaSp2_1932_pos247_cl2382	13	15	.	7.72	SVA
2-SVA	STREME-2	MaSp2_428_pos373_cl2382	13	15	.	7.72	SVA
2-SVA	STREME-2	MaSp2_567_pos451_cl2382	13	15	.	7.72	SVA
2-SVA	STREME-2	MaSp2_2171_pos294_cl2382	13	15	.	7.72	SVA
2-SVA	STREME-2	MaSp2_1390_pos445_cl2382	13	15	.	7.72	SVA
2-SVA	STREME-2	MaSp2_1351_pos200_cl2382	13	15	.	7.72	SVA
2-SVA	STREME-2	MaSp2_264_pos313_cl2382	13	15	.	7.72	SVA
2-SVA	STREME-2	MaSp2_1085_pos277_cl2382	13	15	.	7.72	SVA
2-SVA	STREME-2	MaSp1_1402_pos407_cl2382	13	15	.	7.72	SVA
2-SVA	STREME-2	MaSp2_120_pos138_cl2382	13	15	.	7.72	SVA
2-SVA	STREME-2	MaSp_18_pos114_cl2382	13	15	.	7.72	SVA
2-SVA	STREME-2	MaSp2_1367_pos110_cl2382	13	15	.	7.72	SVA
2-SVA	STREME-2	MaSp2_2159_pos137_cl2382	13	15	.	7.72	SVA
2-SVA	STREME-2	MaSp2_494_pos267_cl2382	13	15	.	7.72	SVA
2-SVA	STREME-2	MaSp1_2215_pos574_cl2382	13	15	.	7.72	SVA
2-SVA	STREME-2	MaSp2_998_pos499_cl2382	13	15	.	7.72	SVA
2-SVA	STREME-2	MaSp2_397_pos209_cl2382	13	15	.	7.72	SVA
2-SVA	STREME-2	MaSp2_1232_pos214_cl2382	13	15	.	7.72	SVA
2-SVA	STREME-2	MaSp2_1544_pos232_cl2382	13	15	.	7.72	SVA
2-SVA	STREME-2	MaSp2_882_pos147_cl2382	13	15	.	7.72	SVA
2-SVA	STREME-2	MaSp2_1506_pos185_cl2382	13	15	.	7.72	SVA
2-SVA	STREME-2	MaSp2_737_pos307_cl2382	13	15	.	7.72	SVA
2-SVA	STREME-2	MaSp2_709_pos438_cl2382	13	15	.	7.72	SVA
2-SVA	STREME-2	MaSp2_191_pos255_cl2382	13	15	.	7.72	SVA
2-SVA	STREME-2	MaSp2_1499_pos189_cl2382	13	15	.	7.72	SVA
2-SVA	STREME-2	MaSp2_583_pos528_cl2382	13	15	.	7.72	SVA
2-SVA	STREME-2	MaSp2_1246_pos149_cl2382	13	15	.	7.72	SVA
2-SVA	STREME-2	MaSp2_684_pos385_cl2382	13	15	.	7.72	SVA
2-SVA	STREME-2	MaSp2_1283_pos154_cl2382	13	15	.	7.72	SVA
2-SVA	STREME-2	MaSp2_1634_pos799_cl2382	13	15	.	7.72	SVA
2-SVA	STREME-2	MaSp2_1570_pos259_cl2382	13	15	.	7.72	SVA
#
3-PGA	STREME-3	MaSp2_96_pos322_cl2382	1	3	.	6.74	PGA
3-PGA	STREME-3	MaSp2_1932_pos247_cl2382	1	3	.	6.74	PGA
3-PGA	STREME-3	MaSp2_428_pos373_cl2382	1	3	.	6.74	PGA
3-PGA	STREME-3	MaSp2_567_pos451_cl2382	1	3	.	6.74	PGA
3-PGA	STREME-3	MaSp2_2171_pos294_cl2382	1	3	.	6.74	PGA
3-PGA	STREME-3	MaSp2_641_pos206_cl2382	1	3	.	6.74	PGA
3-PGA	STREME-3	MaSp2_1351_pos200_cl2382	1	3	.	6.74	PGA
3-PGA	STREME-3	MaSp2_264_pos313_cl2382	1	3	.	6.74	PGA
3-PGA	STREME-3	MaSp2_1085_pos277_cl2382	1	3	.	6.74	PGA
3-PGA	STREME-3	MaSp1_1402_pos407_cl2382	1	3	.	6.74	PGA
3-PGA	STREME-3	MaSp2_1748_pos123_cl2382	1	3	.	6.74	PGA
3-PGA	STREME-3	MaSp2_120_pos138_cl2382	1	3	.	6.74	PGA
3-PGA	STREME-3	MaSp2_1245_pos267_cl2382	1	3	.	6.74	PGA
3-PGA	STREME-3	MaSp2_1032_pos224_cl2382	1	3	.	6.74	PGA
3-PGA	STREME-3	MaSp2_2102_pos224_cl2382	1	3	.	6.74	PGA
3-PGA	STREME-3	MaSp1_2215_pos574_cl2382	1	3	.	6.74	PGA
3-PGA	STREME-3	MaSp2_1232_pos214_cl2382	1	3	.	6.74	PGA
3-PGA	STREME-3	MaSp2_1544_pos232_cl2382	1	3	.	6.74	PGA
3-PGA	STREME-3	MaSp2_737_pos307_cl2382	1	3	.	6.74	PGA
3-PGA	STREME-3	MaSp2_709_pos438_cl2382	1	3	.	6.74	PGA
3-PGA	STREME-3	MaSp2_1861_pos353_cl2382	1	3	.	6.74	PGA
3-PGA	STREME-3	MaSp2_191_pos255_cl2382	1	3	.	6.74	PGA
3-PGA	STREME-3	MaSp2_684_pos385_cl2382	1	3	.	6.74	PGA
3-PGA	STREME-3	MaSp2_1283_pos154_cl2382	1	3	.	6.74	PGA
3-PGA	STREME-3	MaSp2_1634_pos799_cl2382	1	3	.	6.74	PGA
3-PGA	STREME-3	MaSp2_1570_pos259_cl2382	1	3	.	6.74	PGA
3-PGA	STREME-3	MaSp2_1390_pos445_cl2382	1	3	.	5.81	PGG
3-PGA	STREME-3	MaSp2_1974_pos118_cl2382	1	3	.	5.81	PGG
3-PGA	STREME-3	MaSp2_1506_pos185_cl2382	1	3	.	5.81	PGG
3-PGA	STREME-3	MaSp2_1313_pos112_cl2382	1	3	.	5.81	PGG
3-PGA	STREME-3	MaSp2_583_pos528_cl2382	1	3	.	5.39	PGV
#
4-SGGSS	STREME-4	MaSp_2472_pos141_cl2382	3	7	.	10.58	SGGSS
#
5-SGSGA	STREME-5	MaSp_820_pos737_cl2382	1	5	.	10.64	SGSGA
